{
  "gain_factors": {
    "0": 1.0,
    "1": 1.0625535280924467,
    "2": 0.9839065524215234,
    "3": 0.1342010303464664
  }
}